Code,Occupation,Job Zone,Interest1,Interest2,Interest3
51-7032.00,"Patternmakers, Wood",3,Realistic,Investigative,Artistic
49-9063.00,Musical Instrument Repairers and Tuners,3,Realistic,Artistic,Investigative
17-2121.00,Marine Engineers and Naval Architects,4,Investigative,Realistic,Artistic
17-1012.00,Landscape Architects,4,Artistic,Investigative,Realistic
19-3092.00,Geographers,5,Investigative,Realistic,Artistic
19-1042.00,"Medical Scientists, Except Epidemiologists",5,Investigative,Realistic,Artistic
19-1029.02,Molecular and Cellular Biologists,5,Investigative,Realistic,Artistic
19-3091.00,Anthropologists and Archeologists,5,Investigative,Artistic,Realistic
19-2011.00,Astronomers,5,Investigative,Artistic,Realistic
19-1021.00,Biochemists and Biophysicists,5,Investigative,Artistic,Realistic
19-1029.03,Geneticists,5,Investigative,Artistic,Realistic
31-9096.00,Veterinary Assistants and Laboratory Animal Caretakers,2,Realistic,Social,Investigative
29-2031.00,Cardiovascular Technologists and Technicians,3,Realistic,Investigative,Social
51-9082.00,Medical Appliance Technicians,3,Realistic,Investigative,Social
29-2033.00,Nuclear Medicine Technologists,3,Investigative,Realistic,Social
31-2021.00,Physical Therapist Assistants,3,Social,Realistic,Investigative
29-2032.00,Diagnostic Medical Sonographers,3,Investigative,Social,Realistic
29-1141.01,Acute Care Nurses,3,Social,Investigative,Realistic
29-2051.00,Dietetic Technicians,3,Social,Investigative,Realistic
29-2092.00,Hearing Aid Specialists,3,Social,Investigative,Realistic
29-1126.00,Respiratory Therapists,3,Social,Investigative,Realistic
33-3031.00,Fish and Game Wardens,4,Realistic,Investigative,
29-1141.03,Critical Care Nurses,4,Social,Investigative,Realistic
29-1128.00,Exercise Physiologists,4,Social,Investigative,Realistic
29-1071.01,Anesthesiologist Assistants,5,Realistic,Social,Investigative
29-1022.00,Oral and Maxillofacial Surgeons,5,Realistic,Social,Investigative
29-1211.00,Anesthesiologists,5,Investigative,Realistic,Social
29-1021.00,"Dentists, General",5,Investigative,Realistic,Social
29-1151.00,Nurse Anesthetists,5,Investigative,Realistic,Social
29-1023.00,Orthodontists,5,Investigative,Realistic,Social
29-1224.00,Radiologists,5,Investigative,Realistic,Social
29-1291.00,Acupuncturists,5,Social,Realistic,Investigative
29-9091.00,Athletic Trainers,5,Social,Realistic,Investigative
29-2091.00,Orthotists and Prosthetists,5,Social,Realistic,Investigative
29-1229.01,Allergists and Immunologists,5,Investigative,Social,Realistic
29-1213.00,Dermatologists,5,Investigative,Social,Realistic
29-1216.00,General Internal Medicine Physicians,5,Investigative,Social,Realistic
29-1217.00,Neurologists,5,Investigative,Social,Realistic
29-1218.00,Obstetricians and Gynecologists,5,Investigative,Social,Realistic
29-1241.00,"Ophthalmologists, Except Pediatric",5,Investigative,Social,Realistic
29-1041.00,Optometrists,5,Investigative,Social,Realistic
29-1299.02,Orthoptists,5,Investigative,Social,Realistic
29-1229.04,Physical Medicine and Rehabilitation Physicians,5,Investigative,Social,Realistic
29-1081.00,Podiatrists,5,Investigative,Social,Realistic
29-1229.06,Sports Medicine Physicians,5,Investigative,Social,Realistic
29-1229.03,Urologists,5,Investigative,Social,Realistic
25-1041.00,"Agricultural Sciences Teachers, Postsecondary",5,Social,Investigative,Realistic
25-1052.00,"Chemistry Teachers, Postsecondary",5,Social,Investigative,Realistic
29-1011.00,Chiropractors,5,Social,Investigative,Realistic
25-1032.00,"Engineering Teachers, Postsecondary",5,Social,Investigative,Realistic
25-1043.00,"Forestry and Conservation Science Teachers, Postsecondary",5,Social,Investigative,Realistic
29-1122.01,"Low Vision Therapists, Orientation and Mobility Specialists, and Vision Rehabilitation Therapists",5,Social,Investigative,Realistic
29-1171.00,Nurse Practitioners,5,Social,Investigative,Realistic
29-1123.00,Physical Therapists,5,Social,Investigative,Realistic
29-1071.00,Physician Assistants,5,Social,Investigative,Realistic
29-1229.05,Preventive Medicine Physicians,5,Social,Investigative,Realistic
45-3031.00,Fishing and Hunting Workers,1,Realistic,Investigative,Enterprising
53-2012.00,Commercial Pilots,3,Realistic,Investigative,Enterprising
19-4071.00,Forest and Conservation Technicians,3,Realistic,Investigative,Enterprising
53-6041.00,Traffic Technicians,3,Realistic,Investigative,Enterprising
17-2141.02,Automotive Engineers,4,Realistic,Investigative,
19-1031.00,Conservation Scientists,4,Realistic,Investigative,Enterprising
19-1032.00,Foresters,4,Realistic,Investigative,Enterprising
19-1031.02,Range Managers,4,Realistic,Investigative,Enterprising
17-2199.10,Wind Energy Engineers,4,Realistic,Investigative,Enterprising
17-2021.00,Agricultural Engineers,4,Investigative,Realistic,Enterprising
17-2111.02,Fire-Prevention and Protection Engineers,4,Investigative,Realistic,Enterprising
17-2131.00,Materials Engineers,4,Investigative,Realistic,Enterprising
17-2151.00,"Mining and Geological Engineers, Including Mining Safety Engineers",4,Investigative,Realistic,Enterprising
17-2051.02,Water/Wastewater Engineers,4,Investigative,Realistic,Enterprising
41-9031.00,Sales Engineers,4,Enterprising,Realistic,Investigative
17-2141.01,Fuel Cell Engineers,5,Realistic,Investigative,
19-2041.02,Environmental Restoration Planners,5,Investigative,Realistic,Enterprising
17-2199.09,Nanosystems Engineers,5,Investigative,Realistic,Enterprising
11-9041.00,Architectural and Engineering Managers,5,Enterprising,Realistic,Investigative
45-4022.00,Logging Equipment Operators,1,Realistic,Investigative,Conventional
47-5011.00,"Derrick Operators, Oil and Gas",1,Realistic,Conventional,Investigative
51-9081.00,Dental Laboratory Technicians,2,Realistic,Investigative,Conventional
47-5023.00,"Earth Drillers, Except Oil and Gas",2,Realistic,Investigative,Conventional
49-9051.00,Electrical Power-Line Installers and Repairers,2,Realistic,Investigative,Conventional
47-5032.00,"Explosives Workers, Ordnance Handling Experts, and Blasters",2,Realistic,Investigative,Conventional
51-4034.00,"Lathe and Turning Machine Tool Setters, Operators, and Tenders, Metal and Plastic",2,Realistic,Investigative,Conventional
51-4051.00,Metal-Refining Furnace Operators and Tenders,2,Realistic,Investigative,Conventional
17-3029.01,Non-Destructive Testing Specialists,2,Realistic,Investigative,Conventional
49-3092.00,Recreational Vehicle Service Technicians,2,Realistic,Investigative,Conventional
47-2221.00,Structural Iron and Steel Workers,2,Realistic,Investigative,Conventional
45-2011.00,Agricultural Inspectors,2,Realistic,Conventional,Investigative
49-3091.00,Bicycle Repairers,2,Realistic,Conventional,Investigative
51-8099.01,Biofuels Processing Technicians,2,Realistic,Conventional,Investigative
51-8013.03,Biomass Plant Technicians,2,Realistic,Conventional,Investigative
47-2021.00,Brickmasons and Blockmasons,2,Realistic,Conventional,Investigative
47-2031.00,Carpenters,2,Realistic,Conventional,Investigative
51-9124.00,"Coating, Painting, and Spraying Machine Setters, Operators, and Tenders",2,Realistic,Conventional,Investigative
51-2021.00,"Coil Winders, Tapers, and Finishers",2,Realistic,Conventional,Investigative
47-5041.00,Continuous Mining Machine Operators,2,Realistic,Conventional,Investigative
51-9193.00,Cooling and Freezing Equipment Operators and Tenders,2,Realistic,Conventional,Investigative
51-9021.00,"Crushing, Grinding, and Polishing Machine Setters, Operators, and Tenders",2,Realistic,Conventional,Investigative
51-4032.00,"Drilling and Boring Machine Tool Setters, Operators, and Tenders, Metal and Plastic",2,Realistic,Conventional,Investigative
51-2023.00,Electromechanical Equipment Assemblers,2,Realistic,Conventional,Investigative
51-9041.00,"Extruding, Forming, Pressing, and Compacting Machine Setters, Operators, and Tenders",2,Realistic,Conventional,Investigative
51-2051.00,Fiberglass Laminators and Fabricators,2,Realistic,Conventional,Investigative
51-4022.00,"Forging Machine Setters, Operators, and Tenders, Metal and Plastic",2,Realistic,Conventional,Investigative
49-9098.00,"Helpers--Installation, Maintenance, and Repair Workers",2,Realistic,Conventional,Investigative
49-9031.00,Home Appliance Repairers,2,Realistic,Conventional,Investigative
47-2132.00,"Insulation Workers, Mechanical",2,Realistic,Conventional,Investigative
51-4192.00,"Layout Workers, Metal and Plastic",2,Realistic,Conventional,Investigative
31-9093.00,Medical Equipment Preparers,2,Realistic,Conventional,Investigative
49-9044.00,Millwrights,2,Realistic,Conventional,Investigative
51-9023.00,"Mixing and Blending Machine Setters, Operators, and Tenders",2,Realistic,Conventional,Investigative
51-4072.00,"Molding, Coremaking, and Casting Machine Setters, Operators, and Tenders, Metal and Plastic",2,Realistic,Conventional,Investigative
47-2073.00,Operating Engineers and Other Construction Equipment Operators,2,Realistic,Conventional,Investigative
47-2072.00,Pile Driver Operators,2,Realistic,Conventional,Investigative
53-7072.00,"Pump Operators, Except Wellhead Pumpers",2,Realistic,Conventional,Investigative
49-3043.00,Rail Car Repairers,2,Realistic,Conventional,Investigative
53-4013.00,"Rail Yard Engineers, Dinkey Operators, and Hostlers",2,Realistic,Conventional,Investigative
49-9045.00,"Refractory Materials Repairers, Except Brickmasons",2,Realistic,Conventional,Investigative
47-2171.00,Reinforcing Iron and Rebar Workers,2,Realistic,Conventional,Investigative
49-9096.00,Riggers,2,Realistic,Conventional,Investigative
51-7041.00,"Sawing Machine Setters, Operators, and Tenders, Wood",2,Realistic,Conventional,Investigative
51-9141.00,Semiconductor Processing Technicians,2,Realistic,Conventional,Investigative
51-9012.00,"Separating, Filtering, Clarifying, Precipitating, and Still Machine Setters, Operators, and Tenders",2,Realistic,Conventional,Investigative
47-5013.00,"Service Unit Operators, Oil and Gas",2,Realistic,Conventional,Investigative
53-6051.07,"Transportation Vehicle, Equipment and Systems Inspectors, Except Aviation",2,Realistic,Conventional,Investigative
51-4121.00,"Welders, Cutters, Solderers, and Brazers",2,Realistic,Conventional,Investigative
53-7073.00,Wellhead Pumpers,2,Realistic,Conventional,Investigative
51-7042.00,"Woodworking Machine Setters, Operators, and Tenders, Except Sawing",2,Realistic,Conventional,Investigative
17-3021.00,Aerospace Engineering and Operations Technologists and Technicians,3,Realistic,Investigative,Conventional
19-4012.00,Agricultural Technicians,3,Realistic,Investigative,Conventional
27-4011.00,Audio and Video Technicians,3,Realistic,Investigative,Conventional
17-3027.01,Automotive Engineering Technicians,3,Realistic,Investigative,Conventional
49-3023.00,Automotive Service Technicians and Mechanics,3,Realistic,Investigative,Conventional
49-2091.00,Avionics Technicians,3,Realistic,Investigative,Conventional
15-1232.00,Computer User Support Specialists,3,Realistic,Investigative,Conventional
17-3023.00,Electrical and Electronic Engineering Technologists and Technicians,3,Realistic,Investigative,Conventional
49-2094.00,"Electrical and Electronics Repairers, Commercial and Industrial Equipment",3,Realistic,Investigative,Conventional
47-2111.00,Electricians,3,Realistic,Investigative,Conventional
17-3024.00,Electro-Mechanical and Mechatronics Technologists and Technicians,3,Realistic,Investigative,Conventional
49-2096.00,"Electronic Equipment Installers and Repairers, Motor Vehicles",3,Realistic,Investigative,Conventional
47-4021.00,Elevator and Escalator Installers and Repairers,3,Realistic,Investigative,Conventional
31-9099.02,Endoscopy Technicians,3,Realistic,Investigative,Conventional
19-4013.00,Food Science Technicians,3,Realistic,Investigative,Conventional
51-9071.06,Gem and Diamond Workers,3,Realistic,Investigative,
49-9041.00,Industrial Machinery Mechanics,3,Realistic,Investigative,Conventional
29-2012.00,Medical and Clinical Laboratory Technicians,3,Realistic,Investigative,Conventional
49-9062.00,Medical Equipment Repairers,3,Realistic,Investigative,Conventional
51-4061.00,"Model Makers, Metal and Plastic",3,Realistic,Investigative,Conventional
29-2099.01,Neurodiagnostic Technologists,3,Realistic,Investigative,
17-3029.08,Photonics Technicians,3,Realistic,Investigative,Conventional
51-8012.00,Power Distributors and Dispatchers,3,Realistic,Investigative,Conventional
17-3024.01,Robotics Technicians,3,Realistic,Investigative,
51-8021.00,Stationary Engineers and Boiler Operators,3,Realistic,Investigative,Conventional
49-2022.00,"Telecommunications Equipment Installers and Repairers, Except Line Installers",3,Realistic,Investigative,Conventional
51-4111.00,Tool and Die Makers,3,Realistic,Investigative,Conventional
29-2056.00,Veterinary Technologists and Technicians,3,Realistic,Investigative,
49-3011.00,Aircraft Mechanics and Service Technicians,3,Realistic,Conventional,Investigative
53-6051.01,Aviation Inspectors,3,Realistic,Conventional,Investigative
27-4012.00,Broadcast Technicians,3,Realistic,Conventional,Investigative
49-9061.00,Camera and Photographic Equipment Repairers,3,Realistic,Conventional,Investigative
17-3022.00,Civil Engineering Technologists and Technicians,3,Realistic,Conventional,Investigative
49-2011.00,"Computer, Automated Teller, and Office Machine Repairers",3,Realistic,Conventional,Investigative
47-4011.00,Construction and Building Inspectors,3,Realistic,Conventional,Investigative
49-9012.00,"Control and Valve Installers and Repairers, Except Mechanical Door",3,Realistic,Conventional,Investigative
53-7021.00,Crane and Tower Operators,3,Realistic,Conventional,Investigative
17-3012.00,Electrical and Electronics Drafters,3,Realistic,Conventional,Investigative
39-4011.00,Embalmers,3,Realistic,Conventional,Investigative
49-3041.00,Farm Equipment Mechanics and Service Technicians,3,Realistic,Conventional,Investigative
33-2021.00,Fire Inspectors and Investigators,3,Realistic,Conventional,Investigative
45-4011.00,Forest and Conservation Workers,3,Realistic,Conventional,Investigative
49-9021.00,"Heating, Air Conditioning, and Refrigeration Mechanics and Installers",3,Realistic,Conventional,Investigative
51-8013.04,Hydroelectric Plant Technicians,3,Realistic,Conventional,Investigative
51-4041.00,Machinists,3,Realistic,Conventional,Investigative
49-9071.00,"Maintenance and Repair Workers, General",3,Realistic,Conventional,Investigative
49-9043.00,"Maintenance Workers, Machinery",3,Realistic,Conventional,Investigative
17-3013.00,Mechanical Drafters,3,Realistic,Conventional,Investigative
49-3051.00,Motorboat Mechanics and Service Technicians,3,Realistic,Conventional,Investigative
19-4051.02,Nuclear Monitoring Technicians,3,Realistic,Conventional,Investigative
19-4051.00,Nuclear Technicians,3,Realistic,Conventional,Investigative
51-4062.00,"Patternmakers, Metal and Plastic",3,Realistic,Conventional,Investigative
47-2152.00,"Plumbers, Pipefitters, and Steamfitters",3,Realistic,Conventional,Investigative
49-9064.00,Watch and Clock Repairers,3,Realistic,Conventional,Investigative
19-4031.00,Chemical Technicians,3,Investigative,Realistic,Conventional
13-1041.06,Coroners,3,Investigative,Realistic,Conventional
17-3026.00,Industrial Engineering Technologists and Technicians,3,Investigative,Realistic,Conventional
29-2099.05,Ophthalmic Medical Technologists,3,Conventional,Realistic,Investigative
31-9097.00,Phlebotomists,3,Conventional,Realistic,Investigative
33-3021.02,Police Identification and Records Officers,3,Conventional,Realistic,Investigative
17-3031.00,Surveying and Mapping Technicians,3,Conventional,Realistic,Investigative
51-9162.00,Computer Numerically Controlled Tool Programmers,3,Conventional,Investigative,Realistic
19-4099.01,Quality Control Analysts,3,Conventional,Investigative,Realistic
15-1254.00,Web Developers,3,Conventional,Investigative,Realistic
19-4021.00,Biological Technicians,4,Realistic,Investigative,Conventional
17-1021.00,Cartographers and Photogrammetrists,4,Realistic,Investigative,Conventional
17-2051.00,Civil Engineers,4,Realistic,Investigative,Conventional
17-3025.00,Environmental Engineering Technologists and Technicians,4,Realistic,Investigative,Conventional
19-4043.00,"Geological Technicians, Except Hydrologic Technicians",4,Realistic,Investigative,Conventional
17-2112.03,Manufacturing Engineers,4,Realistic,Investigative,
19-4012.01,Precision Agriculture Technicians,4,Realistic,Investigative,Conventional
17-2072.01,Radio Frequency Identification Device Specialists,4,Realistic,Investigative,Conventional
19-4099.03,Remote Sensing Technicians,4,Realistic,Investigative,Conventional
17-2051.01,Transportation Engineers,4,Realistic,Investigative,
53-2011.00,"Airline Pilots, Copilots, and Flight Engineers",4,Realistic,Conventional,Investigative
17-3026.01,Nanotechnology Engineering Technologists and Technicians,4,Realistic,Conventional,Investigative
17-1022.00,Surveyors,4,Realistic,Conventional,Investigative
15-2099.01,Bioinformatics Technicians,4,Investigative,Realistic,Conventional
19-2031.00,Chemists,4,Investigative,Realistic,Conventional
17-2061.00,Computer Hardware Engineers,4,Investigative,Realistic,Conventional
15-1299.08,Computer Systems Engineers/Architects,4,Investigative,Realistic,Conventional
29-2011.01,Cytogenetic Technologists,4,Investigative,Realistic,Conventional
17-2081.00,Environmental Engineers,4,Investigative,Realistic,Conventional
19-4042.00,"Environmental Science and Protection Technicians, Including Health",4,Investigative,Realistic,Conventional
19-2041.00,"Environmental Scientists and Specialists, Including Health",4,Investigative,Realistic,Conventional
19-1012.00,Food Scientists and Technologists,4,Investigative,Realistic,Conventional
19-4092.00,Forensic Science Technicians,4,Investigative,Realistic,Conventional
15-1299.02,Geographic Information Systems Technologists and Technicians,4,Investigative,Realistic,Conventional
17-2111.00,"Health and Safety Engineers, Except Mining Safety Engineers and Inspectors",4,Investigative,Realistic,Conventional
17-2141.00,Mechanical Engineers,4,Investigative,Realistic,Conventional
17-2199.05,Mechatronics Engineers,4,Investigative,Realistic,Conventional
29-2011.00,Medical and Clinical Laboratory Technologists,4,Investigative,Realistic,Conventional
15-1244.00,Network and Computer Systems Administrators,4,Investigative,Realistic,Conventional
17-2161.00,Nuclear Engineers,4,Investigative,Realistic,Conventional
17-2171.00,Petroleum Engineers,4,Investigative,Realistic,Conventional
17-2199.07,Photonics Engineers,4,Investigative,Realistic,Conventional
17-2199.08,Robotics Engineers,4,Investigative,Realistic,Conventional
17-2112.02,Validation Engineers,4,Investigative,Realistic,Conventional
15-1211.00,Computer Systems Analysts,4,Investigative,Conventional,Realistic
17-1022.01,Geodetic Surveyors,4,Investigative,Conventional,Realistic
13-1081.01,Logistics Engineers,4,Investigative,Conventional,Realistic
15-1253.00,Software Quality Assurance Analysts and Testers,4,Investigative,Conventional,Realistic
19-3099.01,Transportation Planners,4,Investigative,Conventional,Realistic
13-1041.01,Environmental Compliance Inspectors,4,Conventional,Investigative,Realistic
15-1212.00,Information Security Analysts,4,Conventional,Investigative,Realistic
19-2099.01,Remote Sensing Scientists and Technologists,5,Realistic,Investigative,
15-1221.00,Computer and Information Research Scientists,5,Investigative,Realistic,Conventional
17-2199.06,Microsystems Engineers,5,Investigative,Realistic,Conventional
19-1029.01,Bioinformatics Scientists,5,Investigative,Conventional,Realistic
19-1031.03,Park Naturalists,4,Social,Realistic,Artistic
51-6052.00,"Tailors, Dressmakers, and Custom Sewers",2,Realistic,Artistic,Enterprising
27-1023.00,Floral Designers,2,Artistic,Enterprising,Realistic
41-9012.00,Models,2,Artistic,Enterprising,Realistic
27-1012.00,Craft Artists,3,Artistic,Realistic,Enterprising
35-1011.00,Chefs and Head Cooks,3,Enterprising,Realistic,Artistic
27-1022.00,Fashion Designers,3,Artistic,Enterprising,Realistic
27-1026.00,Merchandise Displayers and Window Trimmers,3,Artistic,Enterprising,Realistic
27-1024.00,Graphic Designers,4,Artistic,Realistic,Enterprising
27-1021.00,Commercial and Industrial Designers,4,Artistic,Enterprising,Realistic
51-7021.00,Furniture Finishers,2,Realistic,Artistic,
51-6051.00,"Sewers, Hand",2,Realistic,Artistic,Conventional
51-9195.03,"Stone Cutters and Carvers, Manufacturing",2,Realistic,Artistic,
51-9195.04,"Glass Blowers, Molders, Benders, and Finishers",2,Realistic,Conventional,Artistic
51-6041.00,Shoe and Leather Workers and Repairers,2,Realistic,Conventional,Artistic
47-2044.00,Tile and Stone Setters,2,Realistic,Conventional,Artistic
27-4031.00,"Camera Operators, Television, Video, and Film",3,Realistic,Artistic,
51-6092.00,Fabric and Apparel Patternmakers,3,Realistic,Artistic,Conventional
51-9071.00,Jewelers and Precious Stone and Metal Workers,3,Realistic,Artistic,Conventional
51-7031.00,"Model Makers, Wood",3,Realistic,Artistic,Conventional
51-9195.05,"Potters, Manufacturing",3,Realistic,Artistic,
27-4014.00,Sound Engineering Technicians,3,Realistic,Artistic,
17-3011.00,Architectural and Civil Drafters,3,Realistic,Conventional,Artistic
35-2013.00,"Cooks, Private Household",3,Artistic,Realistic,Conventional
53-3011.00,"Ambulance Drivers and Attendants, Except Emergency Medical Technicians",2,Realistic,Social,
53-3052.00,"Bus Drivers, Transit and Intercity",2,Realistic,Social,
33-9092.00,"Lifeguards, Ski Patrol, and Other Recreational Protective Service Workers",2,Realistic,Social,
53-6061.00,Passenger Attendants,2,Realistic,Social,Enterprising
39-5092.00,Manicurists and Pedicurists,2,Realistic,Enterprising,Social
35-3041.00,"Food Servers, Nonrestaurant",2,Social,Realistic,Enterprising
13-1074.00,Farm Labor Contractors,2,Enterprising,Realistic,Social
33-9091.00,Crossing Guards and Flaggers,2,Social,Enterprising,Realistic
39-4021.00,Funeral Attendants,2,Social,Enterprising,Realistic
33-2011.00,Firefighters,3,Realistic,Social,Enterprising
39-9031.00,Exercise Trainers and Group Fitness Instructors,3,Social,Realistic,Enterprising
33-1021.00,First-Line Supervisors of Firefighting and Prevention Workers,3,Enterprising,Realistic,Social
33-3051.00,Police and Sheriff's Patrol Officers,3,Enterprising,Realistic,Social
29-2053.00,Psychiatric Technicians,3,Social,Enterprising,Realistic
39-5094.00,Skincare Specialists,3,Enterprising,Social,Realistic
27-2022.00,Coaches and Scouts,4,Social,Realistic,Enterprising
25-9021.00,Farm and Home Management Educators,5,Social,Realistic,Enterprising
35-9011.00,Dining Room and Cafeteria Attendants and Bartender Helpers,1,Realistic,Conventional,Social
35-3023.00,Fast Food and Counter Workers,1,Realistic,Conventional,Social
33-9011.00,Animal Control Workers,2,Realistic,Social,Conventional
31-1122.00,Personal Care Aides,2,Social,Realistic,Conventional
31-1133.00,Psychiatric Aides,2,Social,Realistic,Conventional
43-4121.00,"Library Assistants, Clerical",2,Conventional,Realistic,Social
31-1132.00,Orderlies,2,Conventional,Realistic,Social
43-2021.00,Telephone Operators,2,Conventional,Social,Realistic
29-2034.00,Radiologic Technologists and Technicians,3,Realistic,Social,Conventional
29-2055.00,Surgical Technologists,3,Realistic,Social,Conventional
29-2035.00,Magnetic Resonance Imaging Technologists,3,Realistic,Conventional,Social
29-1292.00,Dental Hygienists,3,Social,Realistic,Conventional
29-1124.00,Radiation Therapists,3,Social,Realistic,Conventional
31-9091.00,Dental Assistants,3,Conventional,Realistic,Social
31-9092.00,Medical Assistants,3,Social,Conventional,Realistic
31-1131.00,Nursing Assistants,3,Social,Conventional,Realistic
29-2057.00,Ophthalmic Medical Technicians,3,Conventional,Social,Realistic
29-9093.00,Surgical Assistants,3,Conventional,Social,Realistic
25-4022.00,Librarians and Media Collections Specialists,5,Conventional,Social,Realistic
47-2051.00,Cement Masons and Concrete Finishers,1,Realistic,Enterprising,
47-4071.00,Septic Tank Servicers and Sewer Pipe Cleaners,1,Realistic,,
39-3091.00,Amusement and Recreation Attendants,1,Enterprising,Conventional,Realistic
35-3023.01,Baristas,1,Enterprising,Conventional,Realistic
47-2041.00,Carpet Installers,2,Realistic,Enterprising,
33-3012.00,Correctional Officers and Jailers,2,Realistic,Enterprising,Conventional
53-3031.00,Driver/Sales Workers,2,Realistic,Enterprising,
53-7041.00,Hoist and Winch Operators,2,Realistic,Enterprising,Conventional
47-5012.00,"Rotary Drill Operators, Oil and Gas",2,Realistic,Enterprising,Conventional
39-5093.00,Shampooers,2,Realistic,Enterprising,Conventional
49-9052.00,Telecommunications Line Installers and Repairers,2,Realistic,Enterprising,
33-9093.00,Transportation Security Screeners,2,Realistic,Enterprising,Conventional
27-2023.00,"Umpires, Referees, and Other Sports Officials",2,Realistic,Enterprising,Conventional
51-6093.00,Upholsterers,2,Realistic,,
49-3022.00,Automotive Glass Installers and Repairers,2,Realistic,Conventional,Enterprising
53-6011.00,Bridge and Lock Tenders,2,Realistic,Conventional,Enterprising
51-3021.00,Butchers and Meat Cutters,2,Realistic,Conventional,Enterprising
43-5021.00,Couriers and Messengers,2,Realistic,Conventional,Enterprising
33-9031.00,Gambling Surveillance Officers and Gambling Investigators,2,Realistic,Conventional,Enterprising
53-5022.00,Motorboat Operators,2,Realistic,Conventional,Enterprising
53-4022.00,"Railroad Brake, Signal, and Switch Operators and Locomotive Firers",2,Realistic,Conventional,Enterprising
33-9032.00,Security Guards,2,Realistic,Conventional,Enterprising
51-2092.00,Team Assemblers,2,Realistic,Conventional,Enterprising
53-1042.00,"First-Line Supervisors of Helpers, Laborers, and Material Movers, Hand",2,Enterprising,Realistic,Conventional
53-4031.00,Railroad Conductors and Yardmasters,2,Enterprising,Realistic,Conventional
43-9021.00,Data Entry Keyers,2,Conventional,Realistic,Enterprising
43-5032.00,"Dispatchers, Except Police, Fire, and Ambulance",2,Conventional,Realistic,Enterprising
43-4071.00,File Clerks,2,Conventional,Realistic,Enterprising
43-5031.00,Public Safety Telecommunicators,2,Conventional,Realistic,Enterprising
43-5071.00,"Shipping, Receiving, and Inventory Clerks",2,Conventional,Realistic,Enterprising
53-7065.00,Stockers and Order Fillers,2,Conventional,Realistic,Enterprising
35-3011.00,Bartenders,2,Enterprising,Conventional,Realistic
41-9011.00,Demonstrators and Product Promoters,2,Enterprising,Conventional,Realistic
35-1012.00,First-Line Supervisors of Food Preparation and Serving Workers,2,Enterprising,Conventional,Realistic
39-1013.00,First-Line Supervisors of Gambling Services Workers,2,Enterprising,Conventional,Realistic
37-1011.00,First-Line Supervisors of Housekeeping and Janitorial Workers,2,Enterprising,Conventional,Realistic
53-1043.00,First-Line Supervisors of Material-Moving Machine and Vehicle Operators,2,Enterprising,Conventional,Realistic
11-9051.00,Food Service Managers,2,Enterprising,Conventional,Realistic
41-2022.00,Parts Salespersons,2,Enterprising,Conventional,Realistic
43-5011.00,Cargo and Freight Agents,2,Conventional,Enterprising,Realistic
39-3012.00,Gambling and Sports Book Writers and Runners,2,Conventional,Enterprising,Realistic
43-3041.00,Gambling Cage Workers,2,Conventional,Enterprising,Realistic
41-2012.00,Gambling Change Persons and Booth Cashiers,2,Conventional,Enterprising,Realistic
39-3011.00,Gambling Dealers,2,Conventional,Enterprising,Realistic
43-9061.00,"Office Clerks, General",2,Conventional,Enterprising,Realistic
23-2093.00,"Title Examiners, Abstractors, and Searchers",2,Conventional,Enterprising,Realistic
39-5011.00,Barbers,3,Realistic,Enterprising,Conventional
53-5021.00,"Captains, Mates, and Pilots of Water Vessels",3,Realistic,Enterprising,Conventional
15-1241.01,Telecommunications Engineering Specialists,3,Realistic,Enterprising,Conventional
33-3052.00,Transit and Railroad Police,3,Realistic,Enterprising,Conventional
33-3011.00,Bailiffs,3,Realistic,Conventional,Enterprising
33-2022.00,Forest Fire Inspectors and Prevention Specialists,3,Realistic,Conventional,Enterprising
51-8011.00,Nuclear Power Reactor Operators,3,Realistic,Conventional,Enterprising
53-5031.00,Ship Engineers,3,Realistic,Conventional,Enterprising
47-1011.00,First-Line Supervisors of Construction Trades and Extraction Workers,3,Enterprising,Realistic,Conventional
45-1011.00,"First-Line Supervisors of Farming, Fishing, and Forestry Workers",3,Enterprising,Realistic,Conventional
37-1012.00,"First-Line Supervisors of Landscaping, Lawn Service, and Groundskeeping Workers",3,Enterprising,Realistic,Conventional
51-1011.00,First-Line Supervisors of Production and Operating Workers,3,Enterprising,Realistic,Conventional
13-1032.00,"Insurance Appraisers, Auto Damage",3,Conventional,Realistic,Enterprising
53-2022.00,Airfield Operations Specialists,3,Enterprising,Conventional,Realistic
33-1011.00,First-Line Supervisors of Correctional Officers,3,Enterprising,Conventional,Realistic
49-1011.00,"First-Line Supervisors of Mechanics, Installers, and Repairers",3,Enterprising,Conventional,Realistic
29-2081.00,"Opticians, Dispensing",3,Enterprising,Conventional,Realistic
41-4011.07,Solar Sales Representatives and Assessors,3,Enterprising,Conventional,Realistic
11-9199.09,Wind Energy Operations Managers,3,Enterprising,Conventional,Realistic
33-3051.04,Customs and Border Protection Officers,3,Conventional,Enterprising,Realistic
13-1041.04,Government Property Inspectors and Investigators,3,Conventional,Enterprising,Realistic
15-1231.00,Computer Network Support Specialists,4,Realistic,Enterprising,Conventional
53-6051.00,Transportation Inspectors,4,Realistic,Conventional,Enterprising
11-9021.00,Construction Managers,4,Enterprising,Realistic,Conventional
11-9013.00,"Farmers, Ranchers, and Other Agricultural Managers",4,Enterprising,Realistic,Conventional
27-2012.05,Media Technical Directors/Managers,4,Enterprising,Realistic,Conventional
13-2023.00,Appraisers and Assessors of Real Estate,4,Enterprising,Conventional,Realistic
11-3051.03,Biofuels Production Managers,4,Enterprising,Conventional,Realistic
11-3051.04,Biomass Power Plant Managers,4,Enterprising,Conventional,Realistic
13-1021.00,"Buyers and Purchasing Agents, Farm Products",4,Enterprising,Conventional,Realistic
13-1199.06,Online Merchants,4,Enterprising,Conventional,Realistic
11-3051.01,Quality Control Systems Managers,4,Enterprising,Conventional,Realistic
11-3071.00,"Transportation, Storage, and Distribution Managers",4,Enterprising,Conventional,Realistic
11-9199.02,Compliance Managers,4,Conventional,Enterprising,Realistic
29-1129.02,Music Therapists,4,Social,Artistic,Investigative
19-3094.00,Political Scientists,5,Investigative,Artistic,Social
19-3041.00,Sociologists,5,Investigative,Artistic,Social
19-3033.00,Clinical and Counseling Psychologists,5,Investigative,Social,Artistic
29-1223.00,Psychiatrists,5,Investigative,Social,Artistic
25-1062.00,"Area, Ethnic, and Cultural Studies Teachers, Postsecondary",5,Social,Investigative,Artistic
25-1053.00,"Environmental Science Teachers, Postsecondary",5,Social,Investigative,Artistic
25-1192.00,"Family and Consumer Sciences Teachers, Postsecondary",5,Social,Investigative,Artistic
29-9092.00,Genetic Counselors,5,Social,Investigative,Artistic
25-1125.00,"History Teachers, Postsecondary",5,Social,Investigative,Artistic
25-1022.00,"Mathematical Science Teachers, Postsecondary",5,Social,Investigative,Artistic
21-1023.00,Mental Health and Substance Abuse Social Workers,5,Social,Investigative,Artistic
21-1014.00,Mental Health Counselors,5,Social,Investigative,Artistic
25-1066.00,"Psychology Teachers, Postsecondary",5,Social,Investigative,Artistic
25-1067.00,"Sociology Teachers, Postsecondary",5,Social,Investigative,Artistic
29-1127.00,Speech-Language Pathologists,5,Social,Investigative,Artistic
29-1129.01,Art Therapists,5,Social,Artistic,Investigative
25-1081.00,"Education Teachers, Postsecondary",5,Social,Artistic,Investigative
25-1123.00,"English Language and Literature Teachers, Postsecondary",5,Social,Artistic,Investigative
25-1124.00,"Foreign Language and Literature Teachers, Postsecondary",5,Social,Artistic,Investigative
21-1013.00,Marriage and Family Therapists,5,Social,Artistic,Investigative
25-1126.00,"Philosophy and Religion Teachers, Postsecondary",5,Social,Artistic,Investigative
21-1011.00,Substance Abuse and Behavioral Disorder Counselors,5,Social,Artistic,Investigative
13-1199.05,Sustainability Specialists,4,Enterprising,Investigative,Artistic
27-4032.00,Film and Video Editors,4,Artistic,Enterprising,Investigative
27-3023.00,"News Analysts, Reporters, and Journalists",4,Artistic,Enterprising,Investigative
19-3032.00,Industrial-Organizational Psychologists,5,Investigative,Enterprising,Artistic
19-3051.00,Urban and Regional Planners,5,Investigative,Enterprising,Artistic
43-9031.00,Desktop Publishers,3,Artistic,Investigative,Conventional
27-3042.00,Technical Writers,4,Artistic,Investigative,Conventional
15-2021.00,Mathematicians,5,Investigative,Conventional,Artistic
21-1094.00,Community Health Workers,4,Social,Investigative,Enterprising
29-1031.00,Dietitians and Nutritionists,5,Investigative,Social,
25-9031.00,Instructional Coordinators,5,Social,Investigative,Enterprising
25-1112.00,"Law Teachers, Postsecondary",5,Social,Investigative,Enterprising
23-1021.00,"Administrative Law Judges, Adjudicators, and Hearing Officers",5,Enterprising,Investigative,Social
25-1011.00,"Business Teachers, Postsecondary",5,Social,Enterprising,Investigative
29-1141.00,Registered Nurses,4,Social,Investigative,Conventional
29-1181.00,Audiologists,5,Investigative,Social,
29-1051.00,Pharmacists,5,Investigative,Conventional,Social
25-1021.00,"Computer Science Teachers, Postsecondary",5,Social,Investigative,Conventional
25-1082.00,"Library Science Teachers, Postsecondary",5,Social,Investigative,Conventional
33-3021.00,Detectives and Criminal Investigators,3,Enterprising,Investigative,Conventional
23-2011.00,Paralegals and Legal Assistants,3,Conventional,Investigative,Enterprising
15-2051.01,Business Intelligence Analysts,4,Investigative,Enterprising,Conventional
13-1161.00,Market Research Analysts and Marketing Specialists,4,Investigative,Enterprising,Conventional
11-9121.02,Water Resource Specialists,4,Investigative,Enterprising,Conventional
15-1241.00,Computer Network Architects,4,Investigative,Conventional,Enterprising
15-1243.00,Database Architects,4,Investigative,Conventional,Enterprising
17-2112.00,Industrial Engineers,4,Investigative,Conventional,Enterprising
33-3021.06,Intelligence Analysts,4,Investigative,Conventional,Enterprising
11-9199.11,Brownfield Redevelopment Specialists and Site Managers,4,Enterprising,Investigative,Conventional
13-1199.04,Business Continuity Planners,4,Enterprising,Investigative,Conventional
11-9121.01,Clinical Research Coordinators,4,Enterprising,Investigative,Conventional
13-2099.04,"Fraud Examiners, Investigators and Analysts",4,Enterprising,Investigative,Conventional
13-1161.01,Search Marketing Strategists,4,Enterprising,Investigative,Conventional
15-2011.00,Actuaries,4,Conventional,Investigative,Enterprising
11-3021.00,Computer and Information Systems Managers,4,Enterprising,Conventional,Investigative
11-9199.10,Wind Energy Development Managers,4,Enterprising,Conventional,Investigative
13-2011.00,Accountants and Auditors,4,Conventional,Enterprising,Investigative
13-2031.00,Budget Analysts,4,Conventional,Enterprising,Investigative
13-1031.00,"Claims Adjusters, Examiners, and Investigators",4,Conventional,Enterprising,Investigative
13-2053.00,Insurance Underwriters,4,Conventional,Enterprising,Investigative
13-1081.02,Logistics Analysts,4,Conventional,Enterprising,Investigative
15-1299.01,Web Administrators,4,Conventional,Enterprising,Investigative
19-2041.01,Climate Change Policy Analysts,5,Investigative,Enterprising,
19-3011.01,Environmental Economists,5,Investigative,Enterprising,Conventional
19-2041.03,Industrial Ecologists,5,Investigative,Enterprising,
13-1111.00,Management Analysts,5,Investigative,Enterprising,Conventional
19-3011.00,Economists,5,Investigative,Conventional,Enterprising
15-2031.00,Operations Research Analysts,5,Investigative,Conventional,Enterprising
19-3022.00,Survey Researchers,5,Investigative,Conventional,Enterprising
11-1011.03,Chief Sustainability Officers,5,Enterprising,Conventional,Investigative
23-1012.00,Judicial Law Clerks,5,Conventional,Enterprising,Investigative
39-9011.01,Nannies,2,Social,Artistic,Enterprising
39-5012.00,"Hairdressers, Hairstylists, and Cosmetologists",3,Artistic,Enterprising,Social
27-2042.00,Musicians and Singers,3,Artistic,Enterprising,Social
25-3021.00,Self-Enrichment Teachers,3,Social,Artistic,Enterprising
27-2032.00,Choreographers,4,Artistic,Social,Enterprising
27-3011.00,Broadcast Announcers and Radio Disc Jockeys,4,Artistic,Enterprising,Social
27-2041.00,Music Directors and Composers,4,Artistic,Enterprising,Social
25-3011.00,"Adult Basic Education, Adult Secondary Education, and English as a Second Language Instructors",4,Social,Artistic,Enterprising
25-2031.00,"Secondary School Teachers, Except Special and Career/Technical Education",4,Social,Artistic,Enterprising
27-2012.00,Producers and Directors,4,Enterprising,Artistic,Social
27-3031.00,Public Relations Specialists,4,Enterprising,Artistic,Social
39-9032.00,Recreation Workers,4,Social,Enterprising,Artistic
21-2011.00,Clergy,5,Social,Enterprising,Artistic
25-1065.00,"Political Science Teachers, Postsecondary",5,Social,Enterprising,Artistic
27-3091.00,Interpreters and Translators,4,Artistic,Social,
25-2023.00,"Career/Technical Education Teachers, Middle School",4,Social,Artistic,Conventional
25-2021.00,"Elementary School Teachers, Except Special Education",4,Social,Artistic,Conventional
13-1151.00,Training and Development Specialists,4,Social,Artistic,Conventional
27-3041.00,Editors,4,Artistic,Enterprising,Conventional
15-1255.01,Video Game Designers,4,Artistic,Enterprising,
11-2011.00,Advertising and Promotions Managers,4,Enterprising,Artistic,Conventional
27-3043.00,Writers and Authors,4,Enterprising,Artistic,Conventional
41-3011.00,Advertising Sales Agents,4,Enterprising,Conventional,Artistic
13-1131.00,Fundraisers,4,Enterprising,Conventional,Artistic
27-2012.03,Media Programming Directors,4,Enterprising,Conventional,Artistic
39-3093.00,"Locker Room, Coatroom, and Dressing Room Attendants",2,Social,Enterprising,Conventional
35-3031.00,Waiters and Waitresses,2,Social,Enterprising,Conventional
39-3031.00,"Ushers, Lobby Attendants, and Ticket Takers",2,Social,Conventional,Enterprising
43-4051.00,Customer Service Representatives,2,Enterprising,Social,Conventional
53-2031.00,Flight Attendants,2,Enterprising,Social,Conventional
41-1011.00,First-Line Supervisors of Retail Sales Workers,2,Enterprising,Conventional,Social
11-9131.00,Postmasters and Mail Superintendents,2,Enterprising,Conventional,Social
43-3021.00,Billing and Posting Clerks,2,Conventional,Enterprising,Social
43-4031.00,"Court, Municipal, and License Clerks",2,Conventional,Enterprising,Social
43-4041.00,"Credit Authorizers, Checkers, and Clerks",2,Conventional,Enterprising,Social
43-4081.00,"Hotel, Motel, and Resort Desk Clerks",2,Conventional,Enterprising,Social
43-9041.00,Insurance Claims and Policy Processing Clerks,2,Conventional,Enterprising,Social
43-4151.00,Order Clerks,2,Conventional,Enterprising,Social
43-4171.00,Receptionists and Information Clerks,2,Conventional,Enterprising,Social
43-4181.00,Reservation and Transportation Ticket Agents and Travel Clerks,2,Conventional,Enterprising,Social
43-2011.00,"Switchboard Operators, Including Answering Service",2,Conventional,Enterprising,Social
39-6012.00,Concierges,3,Social,Enterprising,
39-9041.00,Residential Advisors,3,Social,Enterprising,Conventional
43-4061.00,"Eligibility Interviewers, Government Programs",3,Social,Conventional,Enterprising
33-1012.00,First-Line Supervisors of Police and Detectives,3,Enterprising,Social,Conventional
39-4031.00,"Morticians, Undertakers, and Funeral Arrangers",3,Enterprising,Social,Conventional
25-4031.00,Library Technicians,3,Conventional,Social,Enterprising
13-1041.00,Compliance Officers,3,Enterprising,Conventional,Social
43-1011.00,First-Line Supervisors of Office and Administrative Support Workers,3,Enterprising,Conventional,Social
39-1022.00,First-Line Supervisors of Personal Service Workers,3,Enterprising,Conventional,Social
11-9171.00,Funeral Home Managers,3,Enterprising,Conventional,Social
11-9179.02,Spa Managers,3,Enterprising,Conventional,Social
43-4161.00,"Human Resources Assistants, Except Payroll and Timekeeping",3,Conventional,Enterprising,Social
43-4111.00,"Interviewers, Except Eligibility and Loan",3,Conventional,Enterprising,Social
43-4141.00,New Accounts Clerks,3,Conventional,Enterprising,Social
11-9031.00,"Education and Childcare Administrators, Preschool and Daycare",4,Social,Enterprising,Conventional
13-1041.03,Equal Opportunity Representatives and Officers,4,Social,Enterprising,Conventional
21-1092.00,Probation Officers and Correctional Treatment Specialists,4,Social,Enterprising,Conventional
13-2071.00,Credit Counselors,4,Enterprising,Social,Conventional
21-2021.00,"Directors, Religious Activities and Education",4,Enterprising,Social,Conventional
11-3121.00,Human Resources Managers,4,Enterprising,Social,Conventional
21-1093.00,Social and Human Service Assistants,4,Conventional,Social,Enterprising
11-3111.00,Compensation and Benefits Managers,4,Enterprising,Conventional,Social
11-3031.00,Financial Managers,4,Enterprising,Conventional,Social
41-1012.00,First-Line Supervisors of Non-Retail Sales Workers,4,Enterprising,Conventional,Social
11-1021.00,General and Operations Managers,4,Enterprising,Conventional,Social
13-1071.00,Human Resources Specialists,4,Enterprising,Conventional,Social
41-3021.00,Insurance Sales Agents,4,Enterprising,Conventional,Social
13-1075.00,Labor Relations Specialists,4,Enterprising,Conventional,Social
11-9081.00,Lodging Managers,4,Enterprising,Conventional,Social
13-1121.00,"Meeting, Convention, and Event Planners",4,Enterprising,Conventional,Social
13-2052.00,Personal Financial Advisors,4,Enterprising,Conventional,Social
41-3031.00,"Securities, Commodities, and Financial Services Sales Agents",4,Enterprising,Conventional,Social
13-2072.00,Loan Officers,4,Conventional,Enterprising,Social
23-1022.00,"Arbitrators, Mediators, and Conciliators",5,Social,Enterprising,
29-1141.04,Clinical Nurse Specialists,5,Enterprising,Social,Conventional
11-9032.00,"Education Administrators, Kindergarten through Secondary",5,Enterprising,Social,Conventional
11-9033.00,"Education Administrators, Postsecondary",5,Enterprising,Conventional,Social
11-9111.00,Medical and Health Services Managers,5,Enterprising,Conventional,Social
45-2021.00,Animal Breeders,2,Realistic,Investigative,
17-3027.00,Mechanical Engineering Technologists and Technicians,3,Realistic,Investigative,
17-2199.11,Solar Energy Systems Engineers,4,Realistic,Investigative,
17-2011.00,Aerospace Engineers,4,Investigative,Realistic,
19-2021.00,Atmospheric and Space Scientists,4,Investigative,Realistic,
17-2031.00,Bioengineers and Biomedical Engineers,4,Investigative,Realistic,
17-2041.00,Chemical Engineers,4,Investigative,Realistic,
17-2071.00,Electrical Engineers,4,Investigative,Realistic,
17-2072.00,"Electronics Engineers, Except Computer",4,Investigative,Realistic,
17-2199.03,"Energy Engineers, Except Wind and Solar",4,Investigative,Realistic,
19-1011.00,Animal Scientists,5,Investigative,Realistic,
19-1029.04,Biologists,5,Investigative,Realistic,
29-2011.02,Cytotechnologists,5,Investigative,Realistic,
19-2042.00,"Geoscientists, Except Hydrologists and Geographers",5,Investigative,Realistic,
17-2112.01,Human Factors Engineers and Ergonomists,5,Investigative,Realistic,
19-2043.00,Hydrologists,5,Investigative,Realistic,
19-2032.00,Materials Scientists,5,Investigative,Realistic,
19-1022.00,Microbiologists,5,Investigative,Realistic,
29-1222.00,"Physicians, Pathologists",5,Investigative,Realistic,
19-2012.00,Physicists,5,Investigative,Realistic,
29-1024.00,Prosthodontists,5,Investigative,Realistic,
19-1013.00,Soil and Plant Scientists,5,Investigative,Realistic,
29-1131.00,Veterinarians,5,Investigative,Realistic,
19-1023.00,Zoologists and Wildlife Biologists,5,Investigative,Realistic,
27-2031.00,Dancers,3,Artistic,Realistic,
27-1013.00,"Fine Artists, Including Painters, Sculptors, and Illustrators",3,Artistic,Realistic,
39-5091.00,"Makeup Artists, Theatrical and Performance",3,Artistic,Realistic,
27-4021.00,Photographers,3,Artistic,Realistic,
25-4013.00,Museum Technicians and Conservators,4,Realistic,Artistic,
27-1027.00,Set and Exhibit Designers,5,Artistic,Realistic,
31-1121.00,Home Health Aides,2,Social,Realistic,
31-2022.00,Physical Therapist Aides,2,Social,Realistic,
25-1194.00,"Career/Technical Education Teachers, Postsecondary",3,Social,Realistic,
29-2061.00,Licensed Practical and Licensed Vocational Nurses,3,Social,Realistic,
31-9011.00,Massage Therapists,3,Social,Realistic,
31-2012.00,Occupational Therapy Aides,3,Social,Realistic,
31-2011.00,Occupational Therapy Assistants,3,Social,Realistic,
25-2059.01,Adapted Physical Education Specialists,5,Social,Realistic,
29-9099.01,Midwives,5,Social,Realistic,
27-2021.00,Athletes and Sports Competitors,2,Realistic,Enterprising,
35-2014.00,"Cooks, Restaurant",2,Realistic,Enterprising,
47-5022.00,"Excavating and Loading Machine and Dragline Operators, Surface Mining",2,Realistic,,
53-1041.00,Aircraft Cargo Handling Supervisors,2,Enterprising,Realistic,
47-1011.03,Solar Energy Installation Managers,3,Enterprising,Realistic,
45-2091.00,Agricultural Equipment Operators,1,Realistic,,
53-7011.00,Conveyor Operators and Tenders,1,Realistic,Conventional,
35-2011.00,"Cooks, Fast Food",1,Realistic,Conventional,
51-9031.00,"Cutters and Trimmers, Hand",1,Realistic,Conventional,
35-9021.00,Dishwashers,1,Realistic,Conventional,
45-4021.00,Fallers,1,Realistic,Conventional,
45-2092.00,"Farmworkers and Laborers, Crop, Nursery, and Greenhouse",1,Realistic,Conventional,
47-2043.00,Floor Sanders and Finishers,1,Realistic,,
35-2021.00,Food Preparation Workers,1,Realistic,Conventional,
45-2041.00,"Graders and Sorters, Agricultural Products",1,Realistic,Conventional,
51-9022.00,"Grinding and Polishing Workers, Hand",1,Realistic,Conventional,
47-3014.00,"Helpers--Painters, Paperhangers, Plasterers, and Stucco Masons",1,Realistic,Conventional,
37-3011.00,Landscaping and Groundskeeping Workers,1,Realistic,Conventional,
51-6011.00,Laundry and Dry-Cleaning Workers,1,Realistic,Conventional,
37-2012.00,Maids and Housekeeping Cleaners,1,Realistic,Conventional,
51-3022.00,"Meat, Poultry, and Fish Cutters and Trimmers",1,Realistic,,
51-6021.00,"Pressers, Textile, Garment, and Related Materials",1,Realistic,Conventional,
47-5051.00,"Rock Splitters, Quarry",1,Realistic,Conventional,
47-5071.00,"Roustabouts, Oil and Gas",1,Realistic,,
51-6031.00,Sewing Machine Operators,1,Realistic,Conventional,
51-9191.00,Adhesive Bonding Machine Operators and Tenders,2,Realistic,Conventional,
51-2011.00,"Aircraft Structure, Surfaces, Rigging, and Systems Assemblers",2,Realistic,Conventional,
39-2021.00,Animal Caretakers,2,Realistic,Conventional,
53-6031.00,Automotive and Watercraft Service Attendants,2,Realistic,Conventional,
39-6011.00,Baggage Porters and Bellhops,2,Realistic,Conventional,
51-3011.00,Bakers,2,Realistic,Conventional,
51-7011.00,Cabinetmakers and Bench Carpenters,2,Realistic,Conventional,
51-9011.00,Chemical Equipment Operators and Tenders,2,Realistic,Conventional,
51-8091.00,Chemical Plant and System Operators,2,Realistic,Conventional,
53-7061.00,Cleaners of Vehicles and Equipment,2,Realistic,Conventional,
51-9192.00,"Cleaning, Washing, and Metal Pickling Equipment Operators and Tenders",2,Realistic,Conventional,
49-9091.00,"Coin, Vending, and Amusement Machine Servicers and Repairers",2,Realistic,Conventional,
47-2061.00,Construction Laborers,2,Realistic,Conventional,
35-2012.00,"Cooks, Institution and Cafeteria",2,Realistic,Conventional,
35-2015.00,"Cooks, Short Order",2,Realistic,Conventional,
51-9032.00,"Cutting and Slicing Machine Setters, Operators, and Tenders",2,Realistic,Conventional,
51-4031.00,"Cutting, Punching, and Press Machine Setters, Operators, and Tenders, Metal and Plastic",2,Realistic,Conventional,
53-7031.00,Dredge Operators,2,Realistic,,
47-2081.00,Drywall and Ceiling Tile Installers,2,Realistic,Conventional,
51-2022.00,Electrical and Electronic Equipment Assemblers,2,Realistic,Conventional,
51-2031.00,Engine and Other Machine Assemblers,2,Realistic,Conventional,
51-9194.00,Etchers and Engravers,2,Realistic,Conventional,
51-4021.00,"Extruding and Drawing Machine Setters, Operators, and Tenders, Metal and Plastic",2,Realistic,Conventional,
51-6091.00,"Extruding and Forming Machine Setters, Operators, and Tenders, Synthetic and Glass Fibers",2,Realistic,,
45-2093.00,"Farmworkers, Farm, Ranch, and Aquacultural Animals",2,Realistic,,
47-4031.00,Fence Erectors,2,Realistic,Conventional,
47-2042.00,"Floor Layers, Except Carpet, Wood, and Hard Tiles",2,Realistic,Conventional,
51-3091.00,"Food and Tobacco Roasting, Baking, and Drying Machine Operators and Tenders",2,Realistic,Conventional,
51-3092.00,Food Batchmakers,2,Realistic,Conventional,
51-3093.00,Food Cooking Machine Operators and Tenders,2,Realistic,Conventional,
51-4071.00,Foundry Mold and Coremakers,2,Realistic,Conventional,
51-9051.00,"Furnace, Kiln, Oven, Drier, and Kettle Operators and Tenders",2,Realistic,Conventional,
53-7071.00,Gas Compressor and Gas Pumping Station Operators,2,Realistic,Conventional,
49-9099.01,Geothermal Technicians,2,Realistic,Conventional,
47-2121.00,Glaziers,2,Realistic,Conventional,
51-4033.00,"Grinding, Lapping, Polishing, and Buffing Machine Tool Setters, Operators, and Tenders, Metal and Plastic",2,Realistic,,
51-4191.00,"Heat Treating Equipment Setters, Operators, and Tenders, Metal and Plastic",2,Realistic,Conventional,
53-3032.00,Heavy and Tractor-Trailer Truck Drivers,2,Realistic,Conventional,
47-3011.00,"Helpers--Brickmasons, Blockmasons, Stonemasons, and Tile and Marble Setters",2,Realistic,,
47-3012.00,Helpers--Carpenters,2,Realistic,Conventional,
47-3013.00,Helpers--Electricians,2,Realistic,Conventional,
47-5081.00,Helpers--Extraction Workers,2,Realistic,Conventional,
47-3015.00,"Helpers--Pipelayers, Plumbers, Pipefitters, and Steamfitters",2,Realistic,,
51-9198.00,Helpers--Production Workers,2,Realistic,Conventional,
47-3016.00,Helpers--Roofers,2,Realistic,Conventional,
47-4051.00,Highway Maintenance Workers,2,Realistic,Conventional,
53-7051.00,Industrial Truck and Tractor Operators,2,Realistic,Conventional,
47-2131.00,"Insulation Workers, Floor, Ceiling, and Wall",2,Realistic,,
37-2011.00,"Janitors and Cleaners, Except Maids and Housekeeping Cleaners",2,Realistic,Conventional,
53-7062.00,"Laborers and Freight, Stock, and Material Movers, Hand",2,Realistic,,
53-3033.00,Light Truck Drivers,2,Realistic,Conventional,
47-5044.00,"Loading and Moving Machine Operators, Underground Mining",2,Realistic,Conventional,
49-9094.00,Locksmiths and Safe Repairers,2,Realistic,Conventional,
53-4011.00,Locomotive Engineers,2,Realistic,Conventional,
45-4023.00,Log Graders and Scalers,2,Realistic,Conventional,
53-7063.00,Machine Feeders and Offbearers,2,Realistic,Conventional,
49-9095.00,Manufactured Building and Mobile Home Installers,2,Realistic,Conventional,
49-9011.00,Mechanical Door Repairers,2,Realistic,,
51-4035.00,"Milling and Planing Machine Setters, Operators, and Tenders, Metal and Plastic",2,Realistic,Conventional,
51-9195.00,"Molders, Shapers, and Casters, Except Metal and Plastic",2,Realistic,Conventional,
39-3021.00,Motion Picture Projectionists,2,Realistic,Conventional,
51-4081.00,"Multiple Machine Tool Setters, Operators, and Tenders, Metal and Plastic",2,Realistic,,
43-9071.00,"Office Machine Operators, Except Computer",2,Realistic,Conventional,
51-9083.00,Ophthalmic Laboratory Technicians,2,Realistic,Conventional,
49-3053.00,Outdoor Power Equipment and Other Small Engine Mechanics,2,Realistic,Conventional,
51-9111.00,Packaging and Filling Machine Operators and Tenders,2,Realistic,Conventional,
53-7064.00,"Packers and Packagers, Hand",2,Realistic,Conventional,
47-2141.00,"Painters, Construction and Maintenance",2,Realistic,Conventional,
51-9196.00,"Paper Goods Machine Setters, Operators, and Tenders",2,Realistic,Conventional,
47-2142.00,Paperhangers,2,Realistic,Conventional,
53-6021.00,Parking Attendants,2,Realistic,Conventional,
33-3041.00,Parking Enforcement Workers,2,Realistic,Conventional,
47-2071.00,"Paving, Surfacing, and Tamping Equipment Operators",2,Realistic,Conventional,
37-2021.00,Pest Control Workers,2,Realistic,Conventional,
37-3012.00,"Pesticide Handlers, Sprayers, and Applicators, Vegetation",2,Realistic,Conventional,
51-8093.00,"Petroleum Pump System Operators, Refinery Operators, and Gaugers",2,Realistic,Conventional,
51-4193.00,"Plating Machine Setters, Operators, and Tenders, Metal and Plastic",2,Realistic,Conventional,
51-4052.00,"Pourers and Casters, Metal",2,Realistic,Conventional,
51-8013.00,Power Plant Operators,2,Realistic,Conventional,
51-5113.00,Print Binding and Finishing Workers,2,Realistic,Conventional,
51-5112.00,Printing Press Operators,2,Realistic,Conventional,
47-4061.00,Rail-Track Laying and Maintenance Equipment Operators,2,Realistic,,
53-7062.04,Recycling and Reclamation Workers,2,Realistic,Conventional,
53-7081.00,Refuse and Recyclable Material Collectors,2,Realistic,Conventional,
51-4023.00,"Rolling Machine Setters, Operators, and Tenders, Metal and Plastic",2,Realistic,Conventional,
47-5043.00,"Roof Bolters, Mining",2,Realistic,Conventional,
47-2181.00,Roofers,2,Realistic,Conventional,
53-5011.00,Sailors and Marine Oilers,2,Realistic,Conventional,
47-4091.00,Segmental Pavers,2,Realistic,Conventional,
47-2211.00,Sheet Metal Workers,2,Realistic,,
51-6042.00,Shoe Machine Operators and Tenders,2,Realistic,Conventional,
51-3023.00,Slaughterers and Meat Packers,2,Realistic,Conventional,
47-2231.00,Solar Photovoltaic Installers,2,Realistic,Conventional,
53-4041.00,Subway and Streetcar Operators,2,Realistic,Conventional,
53-7121.00,"Tank Car, Truck, and Ship Loaders",2,Realistic,Conventional,
47-2082.00,Tapers,2,Realistic,,
51-6061.00,Textile Bleaching and Dyeing Machine Operators and Tenders,2,Realistic,,
51-6062.00,"Textile Cutting Machine Setters, Operators, and Tenders",2,Realistic,Conventional,
51-6063.00,"Textile Knitting and Weaving Machine Setters, Operators, and Tenders",2,Realistic,Conventional,
51-6064.00,"Textile Winding, Twisting, and Drawing Out Machine Setters, Operators, and Tenders",2,Realistic,Conventional,
51-2061.00,Timing Device Assemblers and Adjusters,2,Realistic,Conventional,
51-9197.00,Tire Builders,2,Realistic,Conventional,
49-3093.00,Tire Repairers and Changers,2,Realistic,Conventional,
51-4194.00,"Tool Grinders, Filers, and Sharpeners",2,Realistic,Conventional,
47-4099.03,Weatherization Installers and Technicians,2,Realistic,Conventional,
51-4122.00,"Welding, Soldering, and Brazing Machine Setters, Operators, and Tenders",2,Realistic,Conventional,
39-3092.00,Costume Attendants,2,Conventional,Realistic,
51-9061.00,"Inspectors, Testers, Sorters, Samplers, and Weighers",2,Conventional,Realistic,
43-9051.00,"Mail Clerks and Mail Machine Operators, Except Postal Service",2,Conventional,Realistic,
43-5041.00,"Meter Readers, Utilities",2,Conventional,Realistic,
31-9095.00,Pharmacy Aides,2,Conventional,Realistic,
51-9151.00,Photographic Process Workers and Processing Machine Operators,2,Conventional,Realistic,
43-5051.00,Postal Service Clerks,2,Conventional,Realistic,
43-5052.00,Postal Service Mail Carriers,2,Conventional,Realistic,
43-5053.00,"Postal Service Mail Sorters, Processors, and Processing Machine Operators",2,Conventional,Realistic,
43-5111.00,"Weighers, Measurers, Checkers, and Samplers, Recordkeeping",2,Conventional,Realistic,
49-2097.00,Audiovisual Equipment Installers and Repairers,3,Realistic,Conventional,
47-2011.00,Boilermakers,3,Realistic,Conventional,
49-3031.00,Bus and Truck Mechanics and Diesel Engine Specialists,3,Realistic,Conventional,
51-9161.00,Computer Numerically Controlled Tool Operators,3,Realistic,Conventional,
49-2092.00,"Electric Motor, Power Tool, and Related Repairers",3,Realistic,Conventional,
49-2093.00,"Electrical and Electronics Installers and Repairers, Transportation Equipment",3,Realistic,Conventional,
49-2095.00,"Electrical and Electronics Repairers, Powerhouse, Substation, and Relay",3,Realistic,Conventional,
51-8092.00,Gas Plant Operators,3,Realistic,Conventional,
47-4041.00,Hazardous Materials Removal Workers,3,Realistic,Conventional,
49-3042.00,"Mobile Heavy Equipment Mechanics, Except Engines",3,Realistic,Conventional,
49-3052.00,Motorcycle Mechanics,3,Realistic,,
51-5111.00,Prepress Technicians and Workers,3,Realistic,Conventional,
49-2021.00,"Radio, Cellular, and Tower Equipment Installers and Repairers",3,Realistic,Conventional,
49-2098.00,Security and Fire Alarm Systems Installers,3,Realistic,Conventional,
49-9097.00,Signal and Track Switch Repairers,3,Realistic,Conventional,
47-2152.04,Solar Thermal Installers and Technicians,3,Realistic,Conventional,
51-2041.00,Structural Metal Fabricators and Fitters,3,Realistic,Conventional,
51-8031.00,Water and Wastewater Treatment Plant and System Operators,3,Realistic,Conventional,
49-9081.00,Wind Turbine Service Technicians,3,Realistic,Conventional,
31-9094.00,Medical Transcriptionists,3,Conventional,Realistic,
19-5012.00,Occupational Health and Safety Technicians,3,Conventional,Realistic,
29-2052.00,Pharmacy Technicians,3,Conventional,Realistic,
27-3043.05,"Poets, Lyricists and Creative Writers",4,Artistic,Investigative,
27-1014.00,Special Effects Artists and Animators,4,Artistic,Investigative,
17-1011.00,"Architects, Except Landscape and Naval",5,Artistic,Investigative,
15-1211.01,Health Informatics Specialists,4,Social,Investigative,
21-1015.00,Rehabilitation Counselors,4,Social,Investigative,
25-2058.00,"Special Education Teachers, Secondary School",4,Social,Investigative,
25-3041.00,Tutors,4,Social,Investigative,
19-1041.00,Epidemiologists,5,Investigative,Social,
29-1215.00,Family Medicine Physicians,5,Investigative,Social,
29-1299.01,Naturopathic Physicians,5,Investigative,Social,
29-1221.00,"Pediatricians, General",5,Investigative,Social,
19-3034.00,School Psychologists,5,Investigative,Social,
29-1141.02,Advanced Practice Psychiatric Nurses,5,Social,Investigative,
25-1061.00,"Anthropology and Archeology Teachers, Postsecondary",5,Social,Investigative,
25-1051.00,"Atmospheric, Earth, Marine, and Space Sciences Teachers, Postsecondary",5,Social,Investigative,
25-1042.00,"Biological Science Teachers, Postsecondary",5,Social,Investigative,
25-1111.00,"Criminal Justice and Law Enforcement Teachers, Postsecondary",5,Social,Investigative,
25-1063.00,"Economics Teachers, Postsecondary",5,Social,Investigative,
25-1064.00,"Geography Teachers, Postsecondary",5,Social,Investigative,
25-1071.00,"Health Specialties Teachers, Postsecondary",5,Social,Investigative,
21-1022.00,Healthcare Social Workers,5,Social,Investigative,
29-1229.02,Hospitalists,5,Social,Investigative,
29-1161.00,Nurse Midwives,5,Social,Investigative,
25-1072.00,"Nursing Instructors and Teachers, Postsecondary",5,Social,Investigative,
29-1122.00,Occupational Therapists,5,Social,Investigative,
25-1054.00,"Physics Teachers, Postsecondary",5,Social,Investigative,
25-1113.00,"Social Work Teachers, Postsecondary",5,Social,Investigative,
11-9041.01,Biofuels/Biodiesel Technology and Product Development Managers,4,Enterprising,Investigative,
23-1011.00,Lawyers,5,Enterprising,Investigative,
11-9121.00,Natural Sciences Managers,5,Enterprising,Investigative,
15-1251.00,Computer Programmers,4,Investigative,Conventional,
15-1243.01,Data Warehousing Specialists,4,Investigative,Conventional,
19-5011.00,Occupational Health and Safety Specialists,4,Investigative,Conventional,
15-2051.02,Clinical Data Managers,4,Conventional,Investigative,
15-1242.00,Database Administrators,4,Conventional,Investigative,
19-4061.00,Social Science Research Assistants,4,Conventional,Investigative,
43-9111.00,Statistical Assistants,4,Conventional,Investigative,
15-2041.01,Biostatisticians,5,Investigative,Conventional,
13-2099.01,Financial Quantitative Analysts,5,Investigative,Conventional,
19-3093.00,Historians,5,Investigative,,
25-4011.00,Archivists,5,Conventional,Investigative,
15-2041.00,Statisticians,5,Conventional,Investigative,
39-9011.00,Childcare Workers,2,Social,Artistic,
25-2011.00,"Preschool Teachers, Except Special Education",3,Social,Artistic,
25-2012.00,"Kindergarten Teachers, Except Special Education",4,Social,Artistic,
25-2022.00,"Middle School Teachers, Except Special and Career/Technical Education",4,Social,Artistic,
29-1125.00,Recreational Therapists,4,Social,Artistic,
25-2057.00,"Special Education Teachers, Middle School",4,Social,Artistic,
25-1031.00,"Architecture Teachers, Postsecondary",5,Social,Artistic,
25-1121.00,"Art, Drama, and Music Teachers, Postsecondary",5,Social,Artistic,
25-1122.00,"Communications Teachers, Postsecondary",5,Social,Artistic,
25-2051.00,"Special Education Teachers, Preschool",5,Social,Artistic,
27-2011.00,Actors,2,Artistic,Enterprising,
27-1011.00,Art Directors,4,Artistic,Enterprising,
27-1025.00,Interior Designers,4,Artistic,Enterprising,
27-2012.04,Talent Directors,4,Enterprising,Artistic,
43-9081.00,Proofreaders and Copy Markers,4,Conventional,Artistic,
35-9031.00,"Hosts and Hostesses, Restaurant, Lounge, and Coffee Shop",2,Enterprising,Social,
29-2099.08,Patient Representatives,3,Social,Enterprising,
39-7011.00,Tour Guides and Escorts,3,Social,Enterprising,
21-1021.00,"Child, Family, and School Social Workers",4,Social,Enterprising,
11-9161.00,Emergency Management Directors,4,Social,Enterprising,
21-1091.00,Health Education Specialists,4,Social,Enterprising,
13-1011.00,"Agents and Business Managers of Artists, Performers, and Athletes",4,Enterprising,Social,
11-9179.01,Fitness and Wellness Coordinators,4,Enterprising,Social,
11-1031.00,Legislators,4,Enterprising,Social,
11-9151.00,Social and Community Service Managers,4,Enterprising,Social,
11-3131.00,Training and Development Managers,4,Enterprising,Social,
23-1023.00,"Judges, Magistrate Judges, and Magistrates",5,Enterprising,Social,
43-6013.00,Medical Secretaries and Administrative Assistants,2,Conventional,Social,
31-9099.01,Speech-Language Pathology Assistants,3,Social,Conventional,
25-9044.00,"Teaching Assistants, Postsecondary",5,Social,Conventional,
41-9091.00,"Door-to-Door Sales Workers, News and Street Vendors, and Related Workers",1,Enterprising,Conventional,
53-1042.01,Recycling Coordinators,2,Enterprising,Conventional,
33-9099.02,Retail Loss Prevention Specialists,2,Enterprising,Conventional,
41-2031.00,Retail Salespersons,2,Enterprising,Conventional,
41-9041.00,Telemarketers,2,Enterprising,Conventional,
43-3011.00,Bill and Account Collectors,2,Conventional,Enterprising,
41-2011.00,Cashiers,2,Conventional,Enterprising,
43-4021.00,Correspondence Clerks,2,Conventional,Enterprising,
41-2021.00,Counter and Rental Clerks,2,Conventional,Enterprising,
43-5011.01,Freight Forwarders,2,Conventional,Enterprising,
43-3051.00,Payroll and Timekeeping Clerks,2,Conventional,Enterprising,
43-6014.00,"Secretaries and Administrative Assistants, Except Legal, Medical, and Executive",2,Conventional,Enterprising,
43-3071.00,Tellers,2,Conventional,Enterprising,
43-9022.00,Word Processors and Typists,2,Conventional,Enterprising,
11-3012.00,Administrative Services Managers,3,Enterprising,Conventional,
53-2021.00,Air Traffic Controllers,3,Enterprising,Conventional,
13-1041.08,Customs Brokers,3,Enterprising,Conventional,
11-9071.00,Gambling Managers,3,Enterprising,Conventional,
11-3051.02,Geothermal Production Managers,3,Enterprising,Conventional,
11-3051.06,Hydroelectric Production Managers,3,Enterprising,Conventional,
33-9021.00,Private Detectives and Investigators,3,Enterprising,Conventional,
41-9022.00,Real Estate Sales Agents,3,Enterprising,Conventional,
41-3041.00,Travel Agents,3,Enterprising,Conventional,
39-7012.00,Travel Guides,3,Enterprising,Conventional,
13-1022.00,"Wholesale and Retail Buyers, Except Farm Products",3,Enterprising,Conventional,
43-3031.00,"Bookkeeping, Accounting, and Auditing Clerks",3,Conventional,Enterprising,
43-4011.00,Brokerage Clerks,3,Conventional,Enterprising,
27-3092.00,Court Reporters and Simultaneous Captioners,3,Conventional,Enterprising,
47-4011.01,Energy Auditors,3,Conventional,Enterprising,
43-6011.00,Executive Secretaries and Executive Administrative Assistants,3,Conventional,Enterprising,
43-6012.00,Legal Secretaries and Administrative Assistants,3,Conventional,Enterprising,
43-4131.00,Loan Interviewers and Clerks,3,Conventional,Enterprising,
43-3061.00,Procurement Clerks,3,Conventional,Enterprising,
43-5061.00,"Production, Planning, and Expediting Clerks",3,Conventional,Enterprising,
13-2081.00,"Tax Examiners and Collectors, and Revenue Agents",3,Conventional,Enterprising,
13-2082.00,Tax Preparers,3,Conventional,Enterprising,
13-2061.00,Financial Examiners,4,Enterprising,Conventional,
11-3051.00,Industrial Production Managers,4,Enterprising,Conventional,
15-1299.09,Information Technology Project Managers,4,Enterprising,Conventional,
13-1081.00,Logisticians,4,Enterprising,Conventional,
11-9199.08,Loss Prevention Managers,4,Enterprising,Conventional,
11-2021.00,Marketing Managers,4,Enterprising,Conventional,
11-9141.00,"Property, Real Estate, and Community Association Managers",4,Enterprising,Conventional,
11-3061.00,Purchasing Managers,4,Enterprising,Conventional,
41-9021.00,Real Estate Brokers,4,Enterprising,Conventional,
11-9199.01,Regulatory Affairs Managers,4,Enterprising,Conventional,
11-2022.00,Sales Managers,4,Enterprising,Conventional,
41-4011.00,"Sales Representatives, Wholesale and Manufacturing, Technical and Scientific Products",4,Enterprising,Conventional,
11-3071.04,Supply Chain Managers,4,Enterprising,Conventional,
13-1141.00,"Compensation, Benefits, and Job Analysis Specialists",4,Conventional,Enterprising,
13-1051.00,Cost Estimators,4,Conventional,Enterprising,
13-2041.00,Credit Analysts,4,Conventional,Enterprising,
13-1023.00,"Purchasing Agents, Except Wholesale, Retail, and Farm Products",4,Conventional,Enterprising,
13-1041.07,Regulatory Affairs Specialists,4,Conventional,Enterprising,
41-4012.00,"Sales Representatives, Wholesale and Manufacturing, Except Technical and Scientific Products",4,Conventional,Enterprising,
11-3031.01,Treasurers and Controllers,4,Conventional,Enterprising,
11-1011.00,Chief Executives,5,Enterprising,Conventional,
25-4012.00,Curators,5,Enterprising,Conventional,
11-3031.03,Investment Fund Managers,5,Enterprising,Conventional,
